1  CARLOS RENATO BERNY XAVIER JUNIOR			crbxjunior@bol.com.br				Facebook: não encontrado
2  GUILHERME MUNIZ DA CUNHA						guilhermecunha@ucpel.tche.br		Facebook: não encontrado
3  JOSE EMANUEL DE PINHO MANCINI				mancini@atlas.ucpel.tche.br			Facebook: não encontrado

4  ALUIZIO NAZARETH COSTA JUNIOR				adsucpel@gmail.com					Facebook: solicitação enviada
5  ALVARO LUIZ ALVES BRAGA						genius._ms@hotmail.com				Facebook: adicionado
6  AMANDA AMARAL TADDEI							amandinha_taddei@hotmail.com		Facebook: solicitação enviada
7  ANDERSON DA ROSA CARRET						acarrett@gmail.com					Facebook: não encontrado
8  ANDERSON MARQUES DE FREITAS					nub1o@hotmail.com					Facebook: não encontrado
9  ANDRE DE MEDEIROS VIEIRA						decoamv@gmail.com					Facebook: 
10  ANDRÉ FARIAS SILVEIRA						ffissura@hotmail.com				Facebook: adicionado
11 ANDRE GUIMARAES ALVES						guimaraes.alves92@gmail.com			Facebook: 
12 ANÍBAL OLIVEIRA DI PRIMIO					adiprimio@gmail.com					Facebook: 
13 AUGUSTO CARRICONDE MARQUES JUNIOR			junior@carriconde.com.br			Facebook: adicionado
14 CAUE BOTELHO GONÇALVES OSTERMANN				caueostermann@hotmail.com			Facebook: adicionado
15 CLÁUDIO ANTÔNIO MARANINCHI LEITE				claudioantonioleite@gmail.com		Facebook: adicionado
16 DANIEL TEIXEIRA BRAGA						danieltbraga@gmail.com				Facebook: adicionado
17 EDUARDO MORALES DE OLIVEIRA					eoliveira1001@gmail.com				Facebook: adicionado
18 EMANUEL MARQUES QUEIROGA						emanuelqueiroga@yahoo.com.br		Facebook: adicionado
19 EVARISTO COLOMBY DE CARVALHO					evaristo@live.ca					Facebook: adicionado
20 FELIPE DA SILVA KOETZ						felipe.koetz@hotmail.com			Facebook: adicionado
21 FILIPE ANDRADE DE SOUZA PENA					filipe.asp94@hotmail.com			Facebook: 
22 FILIPE DA SILVA LACAU						filipesilvalacau@yahoo.com.br		Facebook: deletou Facebook
23 GIOVANNI BECKER DE MELLO						giovanni.bmello@gmail.com			Facebook: adicionado
24 GUILHERME CARVALHO GEHLING					gehlingguilherme@yahoo.com.br		Facebook: adicionado
25 GUILHERME DE MEDEIROS NUNES					guilherm3@gmail.com					Facebook: adicionado
26 GUSTAVO MARTINS KNOPP						gustavomk482@gmail.com				Facebook: adicionado
27 ISMAEL MACHADO DA SILVA						ims.86@hotmail.com					Facebook: 
28 JAN MOTTA DE MELLO							janmm@ceee.com.br					Facebook: adicionado
29 JORGE ANTONIO ZAFALLON JUNIOR				zaffalon@linuxrs.com.br				Facebook: 
30 LETICIANE NÁGERA SALLES						leticianesalles@hotmail.com			Facebook: adicionado
31 LUÃ CASTRO NEVES								lua.neves.91@hotmail.com			Facebook: adicionado
32 LUCAS DORNELES BOEMEKE						boemekeld@gmail.com					Facebook: adicionado
33 LUCIANO COELHO SARAIVA						luciyanytho@hotmail.com				Facebook: adicionado
34 LUÍS AUGUSTO LEAL ANDERSSON					andersson.luisaugusto@gmail.com		Facebook: 
35 LUIS GUSTAVO SPERN BARRETO					barreto@ucpel.tche.br				Facebook: adicionado
36 LUISIANE PEREITA COSTA PINTO					lulucostapinto@gmail.com			Facebook: 

37 LUIZ EDUARDO BARBOSA HERNANDORENA			edu_ard_o@hotmail.com				Facebook: 
38 LUMA MELO BORGES								luminhah_borges2@hotmail.com		Facebook: adicionado
39 MAICON KNABACH FURTADO						maiconkf@hotmail.com				Facebook: 
40 MARCIO DIEGO DA VARA MEDEIROS				marciomdrs@gmail.com				Facebook: 
41 MARÍLIA GARCIA MACHADO						mariliamachado15@yahoo.com.br		Facebook: adicionado
42 MATHEUS DITTGEN XAVIER						matheus_mdx@hotmail.com				Facebook: adicionado
43 MATHEUS LORENZATO BRAGA						matheuslbraga@gmail.com				Facebook: 
44 MAURICIO MADRUGA DE AZEVEDO					mmadrugadeazevedo@gmail.com			Facebook: adicionado
45 MIGUEL AGUIAR BARBOSA						miguel_aguiarbarbosa@hotmail.com	Facebook: adicionado
46 NURIHEV ALVES PIMENTEL						nuripimentel@hotmail.com			Facebook: adicionado
47 PABLO LAMEIRO SANCHES						sanches.pablo@ymail.com				Facebook: adicionado
48 PATRIC FAGUNDES DOS SANTOS					tec.fagundes25@hotmail.com			Facebook: 
49 PATRICK DA ROSA FERREIRA						patrickferreira.tads@gmail.com		Facebook: adicionado
50 RENAN DOS SANTOS HARTWIG						renanhartwig@gmail.com				Facebook: adicionado
51 RICARDO LEMOS DE SOUZA						rcrdsou@hotmail.com					Facebook: 
52 ROBLEDO GULARTE GONÇALVES					robledojah@gmail.com				Facebook: adicionado
53 RODRIGO FERNANDES DE LIMA					rodrigofl@yahoo.com.br				Facebook: 
54 RONAN FELIX FONSECA							ronanfelix@hotmail.com				Facebook: 
55 SIDNEI DE OLIVEIRA DIAS						sidnei.rg@gmail.com					Facebook: adicionado
56 TANIELLE PAAP DOROW							tamingueli@hotmail.com				Facebook: 
57 VICTOR GONÇALVES DA SILVA ANTONIAZZI			vgsantoniazzi@gmail.com				Facebook: adicionado
58 VILSON DOS SANTOS TAVARES JUNIOR				vilsinho_ucpel@hotmail.com			Facebook: 
59 WAGNER DOS SANTOS SICCA						wssicca@gmail.com					Facebook: adicionado
60 WANDERSON FERNANDO ROSSALES DE VASCONCEL 	wandersonvasconcelos@terra.com.br	Facebook: adicionado

61 WAGNER MACIEL VAZ							wagner.m.v@gmail.com				Facebook: 

62 ANDERSON AFONSO CARDOZO						kledac@gmail.com					Facebook: 
63 BRUNO ANDRETTI DUARTE						brunoandrettiduarte@gmail.com		Facebook: 
64 DIEGO PORTO JACCOTTET						diego_porto_j@yahoo.com				Facebook: adicionado
65 FABIO FISCHER								fabio.fschr@gmail.com				Facebook: adicionado
66 MARILIA GARCIA BALTAR						mariliagb@gmail.com					Facebook: adicionado
67 RICARDO AREND MACHADO						ricardoarend@gmail.com				Facebook: 

68 MARLOS MARTINS DA ROCHA						solderss1@hotmail.com				Facebook: adicionado
69 VAGNER ALVES DOS SANTOS						vagkid@yahoo.com.br					Facebook: 

70 ANDERSON TAVARES								chronno92@gmail.com					Facebook: adicionado
71 ANDREA VERONICA GONZALEZ						andrea.gonzalez7@hotmail.com		Facebook: adicionado
72 INGRID BORTOVSKI BENDER						guigabender@gmail.com				Facebook: adicionado
73 JEAN MURILO FARIAS DE OLIVEIRA				jeanmurilo555@gmail.com				Facebook: 
74 JOYCE GIAMBASTIANI KOPEREK					joycekoperek@hotmail.com			Facebook: adicionado
75 MATHEUS DE LUNA DOBKE						matheusdobke@gmail.com				Facebook: 
76 MICHAEL ULGUIM SOUZA							michaelulguim@yahoo.com.br			Facebook: adicionado
77 NATANAEL WEIRICH SIGNORINI					natanaelsignorini01@gmail.com		Facebook: adicionado
78 PATRICK JEAN BARBOZA FERNANDES				jeanmpel@yahoo.com.br				Facebook: 
79 ROBERTO AGUIAR ALAM							scarapa@gmail.com					Facebook: 
80 RODRIGO CUNHA DA COSTA						costa.rodrigoc@gmail.com			Facebook: adicionado
81 THIAGO CONCEIÇÃO AURELIO						thiago_aurelio18@hotmail.com		Facebook: 
82 YURI DA SILVA ATHAIDE						yuriathaide@hotmail.com				Facebook: adicionado		


crbxjunior@bol.com.br, guilhermecunha@ucpel.tche.br, mancini@atlas.ucpel.tche.br, 
adsucpel@gmail.com, genius._ms@hotmail.com, amandinha_taddei@hotmail.com,
acarrett@gmail.com, nub1o@hotmail.com, decoamv@gmail.com, 
ffissura@hotmail.com, guimaraes.alves92@gmail.com, adiprimio@gmail.com, 
junior@carriconde.com.br, caueostermann@hotmail.com, claudioantonioleite@gmail.com, 
danieltbraga@gmail.com, eoliveira1001@gmail.com, emanuelqueiroga@yahoo.com.br, 
evaristo@live.ca, felipe.koetz@hotmail.com, filipe.asp94@hotmail.com, 
filipesilvalacau@yahoo.com.br, giovanni.bmello@gmail.com, gehlingguilherme@yahoo.com.br, 
guilherm3@gmail.com, gustavomk482@gmail.com, ims.86@hotmail.com, janmm@ceee.com.br, 
zaffalon@linuxrs.com.br, leticianesalles@hotmail.com, lua.neves.91@hotmail.com, 
boemekeld@gmail.com, luciyanytho@hotmail.com, andersson.luisaugusto@gmail.com, 
barreto@ucpel.tche.br, lulucostapinto@gmail.com, 
edu_ard_o@hotmail.com, luminhah_borges2@hotmail.com, maiconkf@hotmail.com, 
marciomdrs@gmail.com, mariliamachado15@yahoo.com.br, matheus_mdx@hotmail.com, 
matheuslbraga@gmail.com, mmadrugadeazevedo@gmail.com, miguel_aguiarbarbosa@hotmail.com, 
nuripimentel@hotmail.com, sanches.pablo@gmail.com, tec.fagundes25@hotmail.com, 
patrickferreira.tads@gmail.com, renanhartwig@gmail.com, rcrdsou@hotmail.com, 
robledojah@gmail.com, rodrigofl@yahoo.com.br, ronanfelix@hotmail.com, 
sidnei.rg@gmail.com, tamingueli@hotmail.com, vgsantoniazzi@gmail.com, 
vilsinho_ucpel@hotmail.com, wssicca@gmail.com, wandersonvasconcelos@terra.com.br, 
wagner.m.v@gmail.com, kledac@gmail.com, brunoandrettiduarte@gmail.com, 
diego_porto_j@yahoo.com, fabio.fschr@gmail.com, mariliagb@gmail.com, 
ricardoarend@gmail.com, solderss1@hotmail.com, vagkid@yahoo.com.br, 
chronno92@gmail.com, andrea.gonzalez7@hotmail.com, guigabender@gmail.com, 
jeanmurilo555@gmail.com, joycekoperek@hotmail.com, matheusdobke@gmail.com, 
michaelulguim@yahoo.com.br, natanaelsignorini01@gmail.com, jeanmpel@yahoo.com.br, 
scarapa@gmail.com, costa.rodrigoc@gmail.com, thiago_aurelio18@hotmail.com, 
yuriathaide@hotmail.com, 